{"cameraMode":{"drawMode":0,"name":"Shaded","section":"Shading Mode"},"sceneLighting":false,"audioPlay":false,"sceneViewState":{"m_AlwaysRefresh":false,"showFog":true,"showSkybox":false,"showFlares":true,"showImageEffects":true,"showParticleSystems":true,"showVisualEffectGraphs":true,"m_FxEnabled":true},"in2DMode":false,"pivot":{"x":-0.004886507987976074,"y":0.8110240697860718,"z":0.03551390767097473},"rotation":{"x":-0.2201896607875824,"y":0.05030481889843941,"z":-0.011371277272701264,"w":-0.9740930199623108},"size":1.0925198793411255,"orthographic":false}